Cleveland Cavaliers,102,Boston Celtics,99
Houston Rockets,122,Golden State Warriors,121
Washington Wizards,120,Philadelphia,115
Detroit Pistons,102,Charlotte Hornets,90
Indiana Pacers,140,Brooklyn Nets,131
Orlando Magic,116,Miami Heat,109
Milwaukee Bucks,108,Boston Celtics,100
Memphis Grizzlies,103,New Orleans Pelicans,91
Atlanta Hawks,117,Dallas Mavericks,111
Utah Jazz,106,Denver Nuggets,96
San Antonio Spurs,107,Minnesota Timberwolves,99
Portland Trail Blazers,124,Phoenix Suns,76
Houston Rockets,105,Sacramento Kings,100
Toronto Raptors,117,Chicago Bulls,100
Oklahoma City Thunder,105,New York Knicks,84
Los Angeles Clippers,108,Los Angeles Lakers,92
Cleveland Cavaliers,116,Milwaukee Bucks,97
Charlotte Hornets,109,Atlanta Hawks,91
Portland Trail Blazers,114,Indiana Pacers,96
Boston Celtics,102,Philadelphia,92
Washington Wizards,115,Detroit Pistons,111
Brooklyn Nets,126,Orlando Magic,121
Minnesota Timberwolves,100,Utah Jazz,97
Sacramento Kings,93,Dallas Mavericks,88
Golden State Warriors,128,New Orleans Pelicans,120
Los Angeles Lakers,132,Phoenix Suns,130
Toronto Raptors,128,Philadelphia,94
Orlando Magic,114,Cleveland Cavaliers,93
Miami Heat,112,Indiana Pacers,108
Detroit Pistons,111,New York Knicks,107
San Antonio Spurs,87,Chicago Bulls,77
Houston Rockets,107,Dallas Mavericks,91
Memphis Grizzlies,111,Golden State Warriors,101
Milwaukee Bucks,113,Portland Trail Blazers,110
Denver Nuggets,96,Sacramento Kings,79
Utah Jazz,96,Oklahoma City Thunder,87
Los Angeles Clippers,130,Phoenix Suns,88
Brooklyn Nets,116,Atlanta Hawks,104
Minnesota Timberwolves,115,Oklahoma City Thunder,113
New Orleans Pelicans,119,Los Angeles Lakers,112
Philadelphia,97,Detroit Pistons,86
Miami Heat,104,Atlanta Hawks,93
Memphis Grizzlies,98,Houston Rockets,90
Milwaukee Bucks,103,Charlotte Hornets,94
Golden State Warriors,133,Dallas Mavericks,103
San Antonio Spurs,101,Toronto Raptors,97
Washington Wizards,109,Denver Nuggets,104
Phoenix Suns,117,Sacramento Kings,115
Cleveland Cavaliers,119,Chicago Bulls,112
Orlando Magic,125,Brooklyn Nets,121
Boston Celtics,110,New York Knicks,89
Indiana Pacers,130,Minnesota Timberwolves,107
Portland Trail Blazers,103,New Orleans Pelicans,93
Los Angeles Clippers,102,Utah Jazz,84
Charlotte Hornets,110,Denver Nuggets,93
Detroit Pistons,122,Minnesota Timberwolves,101
Houston Rockets,105,Philadelphia,104
Brooklyn Nets,112,Cleveland Cavaliers,107
San Antonio Spurs,117,Miami Heat,100
Oklahoma City Thunder,114,Indiana Pacers,96
Dallas Mavericks,103,Memphis Grizzlies,94
Phoenix Suns,97,Utah Jazz,88
Golden State Warriors,117,Toronto Raptors,112
Los Angeles Lakers,102,Washington Wizards,99
Chicago Bulls,91,Atlanta Hawks,86
Memphis Grizzlies,96,Dallas Mavericks,91
Boston Celtics,96,Milwaukee Bucks,89
Los Angeles Clippers,104,Portland Trail Blazers,103
New Orleans Pelicans,114,Sacramento Kings,106
Houston Rockets,109,Charlotte Hornets,93
Orlando Magic,114,San Antonio Spurs,87
Denver Nuggets,105,Atlanta Hawks,100
New York Knicks,107,Brooklyn Nets,86
Minnesota Timberwolves,119,Oklahoma City Thunder,116
Golden State Warriors,120,Washington Wizards,117
Toronto Raptors,101,Los Angeles Lakers,92
New Orleans Pelicans,123,Cleveland Cavaliers,101
Boston Celtics,96,Miami Heat,90
Oklahoma City Thunder,101,Chicago Bulls,69
Memphis Grizzlies,103,Houston Rockets,89
Philadelphia,112,Dallas Mavericks,110
Utah Jazz,96,Los Angeles Lakers,81
Portland Trail Blazers,114,Phoenix Suns,107
Detroit Pistons,95,Los Angeles Clippers,87
Milwaukee Bucks,117,Atlanta Hawks,106
Indiana Pacers,97,San Antonio Spurs,94
Denver Nuggets,124,Brooklyn Nets,111
Charlotte Hornets,120,Orlando Magic,113
Washington Wizards,110,Sacramento Kings,83
New York Knicks,114,Cleveland Cavaliers,95
Detroit Pistons,115,Golden State Warriors,107
Boston Celtics,108,San Antonio Spurs,94
Minnesota Timberwolves,125,Miami Heat,122
New York Knicks,116,Denver Nuggets,110
Philadelphia,115,Houston Rockets,107
Charlotte Hornets,104,Memphis Grizzlies,99
Orlando Magic,115,New Orleans Pelicans,99
Utah Jazz,104,Dallas Mavericks,89
Toronto Raptors,99,Portland Trail Blazers,85
Golden State Warriors,141,Los Angeles Clippers,113
Indiana Pacers,101,Sacramento Kings,83
Phoenix Suns,122,Brooklyn Nets,114
Oklahoma City Thunder,110,Milwaukee Bucks,91
Los Angeles Lakers,113,Detroit Pistons,93
Charlotte Hornets,126,Milwaukee Bucks,121
Indiana Pacers,124,Cleveland Cavaliers,107
Philadelphia,119,Atlanta Hawks,109
Phoenix Suns,122,Washington Wizards,116
Boston Celtics,113,Sacramento Kings,86
Miami Heat,97,Chicago Bulls,91
Houston Rockets,119,New York Knicks,97
Orlando Magic,101,Memphis Grizzlies,99
Minnesota Timberwolves,104,New Orleans Pelicans,98
Denver Nuggets,129,Toronto Raptors,111
Utah Jazz,112,Portland Trail Blazers,103
Los Angeles Clippers,119,Dallas Mavericks,98
Golden State Warriors,112,San Antonio Spurs,92
Portland Trail Blazers,113,Los Angeles Lakers,110
Detroit Pistons,105,Milwaukee Bucks,96
Chicago Bulls,105,Orlando Magic,83
Philadelphia,121,Indiana Pacers,110
Cleveland Cavaliers,130,Washington Wizards,122
Houston Rockets,119,Atlanta Hawks,104
New York Knicks,120,Phoenix Suns,107
New Orleans Pelicans,99,Dallas Mavericks,94
San Antonio Spurs,108,Charlotte Hornets,101
Denver Nuggets,95,Miami Heat,94
Toronto Raptors,109,Utah Jazz,100
Boston Celtics,101,Oklahoma City Thunder,94
Los Angeles Lakers,124,Brooklyn Nets,112
Memphis Grizzlies,113,Los Angeles Clippers,104
Detroit Pistons,108,Sacramento Kings,99
New Orleans Pelicans,96,Chicago Bulls,90
Minnesota Timberwolves,112,Dallas Mavericks,99
Golden State Warriors,127,Denver Nuggets,108
Atlanta Hawks,117,Cleveland Cavaliers,115
Miami Heat,104,Los Angeles Clippers,101
Boston Celtics,104,Orlando Magic,88
Washington Wizards,107,Toronto Raptors,96
Houston Rockets,137,Utah Jazz,110
San Antonio Spurs,112,Phoenix Suns,95
New York Knicks,108,Indiana Pacers,101
Minnesota Timberwolves,112,Charlotte Hornets,94
Portland Trail Blazers,103,Oklahoma City Thunder,99
Los Angeles Lakers,107,Memphis Grizzlies,102
Boston Celtics,110,Atlanta Hawks,107
Brooklyn Nets,98,Phoenix Suns,92
Golden State Warriors,97,Miami Heat,80
Cleveland Cavaliers,124,Milwaukee Bucks,119
New Orleans Pelicans,117,Indiana Pacers,112
Dallas Mavericks,113,Washington Wizards,99
New York Knicks,118,Charlotte Hornets,113
Toronto Raptors,119,Chicago Bulls,114
San Antonio Spurs,120,Los Angeles Clippers,107
Denver Nuggets,112,Brooklyn Nets,104
Philadelphia,104,Utah Jazz,97
Memphis Grizzlies,98,Portland Trail Blazers,97
Sacramento Kings,94,Oklahoma City Thunder,86
Detroit Pistons,114,Indiana Pacers,97
Orlando Magic,112,New York Knicks,99
Boston Celtics,107,Los Angeles Lakers,96
Miami Heat,126,Phoenix Suns,115
Golden State Warriors,125,Minnesota Timberwolves,101
Washington Wizards,111,Los Angeles Lakers,95
Toronto Raptors,122,New Orleans Pelicans,118
Houston Rockets,117,Cleveland Cavaliers,113
Sacramento Kings,109,Philadelphia,108
Denver Nuggets,102,Oklahoma City Thunder,94
Detroit Pistons,111,Atlanta Hawks,104
Boston Celtics,90,Charlotte Hornets,87
Indiana Pacers,105,Chicago Bulls,87
Oklahoma City Thunder,120,Los Angeles Clippers,111
Milwaukee Bucks,94,San Antonio Spurs,87
Orlando Magic,128,Phoenix Suns,112
Miami Heat,84,Utah Jazz,74
Brooklyn Nets,101,Portland Trail Blazers,97
Washington Wizards,113,Atlanta Hawks,94
New Orleans Pelicans,111,Los Angeles Clippers,103
New York Knicks,118,Sacramento Kings,91
Houston Rockets,111,Memphis Grizzlies,96
Cleveland Cavaliers,111,Dallas Mavericks,104
Milwaukee Bucks,98,Los Angeles Lakers,90
San Antonio Spurs,133,Chicago Bulls,94
Golden State Warriors,135,Philadelphia,114
Denver Nuggets,125,Orlando Magic,107
Phoenix Suns,118,Minnesota Timberwolves,110
Utah Jazz,114,Brooklyn Nets,106
Boston Celtics,95,Toronto Raptors,94
Detroit Pistons,112,Miami Heat,103
Houston Rockets,118,Indiana Pacers,95
Oklahoma City Thunder,112,Dallas Mavericks,99
Washington Wizards,110,Sacramento Kings,92
Cleveland Cavaliers,104,New York Knicks,101
Milwaukee Bucks,110,Memphis Grizzlies,103
New Orleans Pelicans,106,Atlanta Hawks,105
Los Angeles Lakers,100,Phoenix Suns,93
Minnesota Timberwolves,109,Utah Jazz,98
Portland Trail Blazers,99,Denver Nuggets,82
Golden State Warriors,110,Orlando Magic,100
Philadelphia,109,Los Angeles Clippers,105
Boston Celtics,109,Brooklyn Nets,102
Toronto Raptors,129,Houston Rockets,113
San Antonio Spurs,97,Dallas Mavericks,91
Atlanta Hawks,126,Sacramento Kings,80
Washington Wizards,102,Miami Heat,93
New York Knicks,106,Utah Jazz,101
Cleveland Cavaliers,115,Charlotte Hornets,107
Indiana Pacers,116,Memphis Grizzlies,113
Milwaukee Bucks,99,Detroit Pistons,95
Minnesota Timberwolves,98,San Antonio Spurs,86
Toronto Raptors,125,New Orleans Pelicans,116
Oklahoma City Thunder,92,Chicago Bulls,79
Portland Trail Blazers,99,Orlando Magic,94
Philadelphia,115,Los Angeles Lakers,109
Boston Celtics,92,Golden State Warriors,88
Houston Rockets,142,Phoenix Suns,116
Indiana Pacers,107,Detroit Pistons,100
Miami Heat,91,Washington Wizards,88
Brooklyn Nets,118,Utah Jazz,107
Cleveland Cavaliers,118,Los Angeles Clippers,113
Toronto Raptors,107,New York Knicks,84
Chicago Bulls,123,Charlotte Hornets,120
San Antonio Spurs,104,Oklahoma City Thunder,101
Minnesota Timberwolves,111,Dallas Mavericks,87
Sacramento Kings,86,Portland Trail Blazers,82
Denver Nuggets,146,New Orleans Pelicans,114
Phoenix Suns,122,Los Angeles Lakers,113
Charlotte Hornets,102,Los Angeles Clippers,87
Utah Jazz,125,Orlando Magic,85
Boston Celtics,110,Atlanta Hawks,99
Golden State Warriors,124,Philadelphia,116
Houston Rockets,105,Memphis Grizzlies,83
Dallas Mavericks,111,Milwaukee Bucks,79
Portland Trail Blazers,102,Sacramento Kings,90
Indiana Pacers,120,Miami Heat,95
Golden State Warriors,118,Brooklyn Nets,111
Toronto Raptors,100,Washington Wizards,91
Detroit Pistons,100,Minnesota Timberwolves,97
Phoenix Suns,113,Chicago Bulls,105
Los Angeles Lakers,127,Denver Nuggets,109
Charlotte Hornets,118,Minnesota Timberwolves,102
Cleveland Cavaliers,116,Detroit Pistons,88
Indiana Pacers,105,Orlando Magic,97
Philadelphia,107,Utah Jazz,86
New York Knicks,107,Los Angeles Clippers,85
Portland Trail Blazers,100,Memphis Grizzlies,92
Washington Wizards,99,Milwaukee Bucks,88
New Orleans Pelicans,114,Oklahoma City Thunder,107
Boston Celtics,110,Dallas Mavericks,102
San Antonio Spurs,96,Atlanta Hawks,85
Denver Nuggets,114,Sacramento Kings,98
Los Angeles Lakers,103,Chicago Bulls,94
Charlotte Hornets,129,Washington Wizards,124
Cleveland Cavaliers,119,Brooklyn Nets,109
Philadelphia,101,Portland Trail Blazers,81
Los Angeles Clippers,116,Atlanta Hawks,103
Miami Heat,104,Boston Celtics,98
New York Knicks,108,Toronto Raptors,100
Houston Rockets,125,Denver Nuggets,95
Dallas Mavericks,95,Memphis Grizzlies,94
Minnesota Timberwolves,124,Orlando Magic,118
New Orleans Pelicans,107,San Antonio Spurs,90
Oklahoma City Thunder,108,Golden State Warriors,91
Milwaukee Bucks,113,Phoenix Suns,107
Utah Jazz,110,Chicago Bulls,80
Sacramento Kings,113,Los Angeles Lakers,102
Portland Trail Blazers,127,Brooklyn Nets,125
Atlanta Hawks,116,New York Knicks,104
Boston Celtics,118,Orlando Magic,103
Cleveland Cavaliers,100,Charlotte Hornets,99
Indiana Pacers,107,Toronto Raptors,104
Miami Heat,109,Minnesota Timberwolves,97
Detroit Pistons,99,Oklahoma City Thunder,98
Denver Nuggets,104,Memphis Grizzlies,92
New Orleans Pelicans,115,Phoenix Suns,91
Golden State Warriors,143,Chicago Bulls,94
San Antonio Spurs,106,Charlotte Hornets,86
Philadelphia,130,Orlando Magic,111
Portland Trail Blazers,108,Washington Wizards,105
Toronto Raptors,112,Atlanta Hawks,78
Boston Celtics,108,Indiana Pacers,98
Houston Rockets,117,New York Knicks,102
Dallas Mavericks,97,Oklahoma City Thunder,81
Golden State Warriors,110,New Orleans Pelicans,95
Utah Jazz,121,Milwaukee Bucks,108
Los Angeles Clippers,97,Sacramento Kings,95
Miami Heat,100,Chicago Bulls,93
Minnesota Timberwolves,119,Phoenix Suns,108
Brooklyn Nets,98,Memphis Grizzlies,88
Indiana Pacers,121,Orlando Magic,109
Cleveland Cavaliers,113,Philadelphia,91
Detroit Pistons,118,Boston Celtics,108
Portland Trail Blazers,103,New York Knicks,91
Houston Rockets,117,Brooklyn Nets,103
San Antonio Spurs,115,Dallas Mavericks,108
Sacramento Kings,110,Golden State Warriors,106
Los Angeles Clippers,120,Los Angeles Lakers,115
Cleveland Cavaliers,108,Miami Heat,97
Phoenix Suns,104,Chicago Bulls,99
Washington Wizards,92,Minnesota Timberwolves,89
Utah Jazz,106,Denver Nuggets,77
Milwaukee Bucks,112,Sacramento Kings,87
Detroit Pistons,131,Phoenix Suns,107
Orlando Magic,121,Oklahoma City Thunder,108
Philadelphia,118,Washington Wizards,113
New York Knicks,115,Miami Heat,86
Toronto Raptors,126,Charlotte Hornets,113
Houston Rockets,118,Indiana Pacers,97
Minnesota Timberwolves,120,New Orleans Pelicans,102
Brooklyn Nets,109,Dallas Mavericks,104
San Antonio Spurs,104,Memphis Grizzlies,95
Golden State Warriors,127,Los Angeles Lakers,123
Cleveland Cavaliers,121,Atlanta Hawks,114
Boston Celtics,108,Philadelphia,97
Denver Nuggets,111,Chicago Bulls,110
Milwaukee Bucks,103,Portland Trail Blazers,91
Utah Jazz,126,Los Angeles Clippers,107
Golden State Warriors,133,Orlando Magic,112
Washington Wizards,109,Detroit Pistons,91
Toronto Raptors,120,Indiana Pacers,115
Miami Heat,105,Charlotte Hornets,100
Sacramento Kings,107,Chicago Bulls,106
San Antonio Spurs,95,Memphis Grizzlies,79
Oklahoma City Thunder,111,Minnesota Timberwolves,107
Utah Jazz,114,New Orleans Pelicans,108
Boston Celtics,116,Phoenix Suns,111
Dallas Mavericks,108,Los Angeles Clippers,82
Atlanta Hawks,114,Brooklyn Nets,102
Cleveland Cavaliers,116,Memphis Grizzlies,111
Philadelphia,108,Detroit Pistons,103
Milwaukee Bucks,109,Sacramento Kings,104
Denver Nuggets,115,Los Angeles Lakers,100
New Orleans Pelicans,123,Portland Trail Blazers,116
Orlando Magic,105,New York Knicks,100
Golden State Warriors,123,Miami Heat,95
Minnesota Timberwolves,112,Los Angeles Clippers,106
Oklahoma City Thunder,90,San Antonio Spurs,87
Houston Rockets,118,Los Angeles Lakers,95
Charlotte Hornets,104,Orlando Magic,94
Indiana Pacers,115,New York Knicks,97
Phoenix Suns,115,Philadelphia,101
Brooklyn Nets,110,Atlanta Hawks,90
Boston Celtics,111,Milwaukee Bucks,100
Cleveland Cavaliers,113,Chicago Bulls,91
Memphis Grizzlies,95,Minnesota Timberwolves,92
Golden State Warriors,125,New Orleans Pelicans,115
Dallas Mavericks,122,Denver Nuggets,105
San Antonio Spurs,96,Detroit Pistons,93
Utah Jazz,116,Washington Wizards,69
Toronto Raptors,126,Phoenix Suns,113
Oklahoma City Thunder,100,Utah Jazz,94
Washington Wizards,106,Portland Trail Blazers,92
Cleveland Cavaliers,101,Sacramento Kings,95
Indiana Pacers,98,Chicago Bulls,96
Orlando Magic,110,Atlanta Hawks,106
Boston Celtics,97,Dallas Mavericks,90
New York Knicks,99,Memphis Grizzlies,88
Golden State Warriors,101,Charlotte Hornets,87
Milwaukee Bucks,104,Detroit Pistons,100
New Orleans Pelicans,123,Denver Nuggets,114
San Antonio Spurs,117,Miami Heat,105
Minnesota Timberwolves,113,Los Angeles Clippers,107
Los Angeles Lakers,107,Philadelphia,104
Washington Wizards,109,Phoenix Suns,99
Brooklyn Nets,100,Oklahoma City Thunder,95
Houston Rockets,112,Utah Jazz,101
Chicago Bulls,119,Charlotte Hornets,111
Golden State Warriors,102,Detroit Pistons,98
Indiana Pacers,106,Cleveland Cavaliers,102
Denver Nuggets,103,Orlando Magic,89
Toronto Raptors,116,Memphis Grizzlies,107
Milwaukee Bucks,109,Dallas Mavericks,102
Sacramento Kings,116,New Orleans Pelicans,109
San Antonio Spurs,105,Boston Celtics,102
Los Angeles Clippers,113,Washington Wizards,112
Miami Heat,101,Brooklyn Nets,89
Los Angeles Lakers,110,Charlotte Hornets,99
Atlanta Hawks,117,Orlando Magic,110
Cleveland Cavaliers,105,Philadelphia,98
Chicago Bulls,104,New York Knicks,102
Milwaukee Bucks,117,Utah Jazz,100
Oklahoma City Thunder,102,Memphis Grizzlies,101
San Antonio Spurs,104,Phoenix Suns,101
Houston Rockets,124,Portland Trail Blazers,117
Toronto Raptors,102,Sacramento Kings,87
Boston Celtics,91,Detroit Pistons,81
Indiana Pacers,126,Denver Nuggets,116
Minnesota Timberwolves,97,Dallas Mavericks,92
New Orleans Pelicans,131,Philadelphia,124
New York Knicks,111,Atlanta Hawks,107
Chicago Bulls,108,Boston Celtics,85
Houston Rockets,130,New Orleans Pelicans,123
Miami Heat,107,Memphis Grizzlies,82
Charlotte Hornets,116,Oklahoma City Thunder,103
Golden State Warriors,111,Portland Trail Blazers,104
Los Angeles Clippers,96,Toronto Raptors,91
Cleveland Cavaliers,123,Atlanta Hawks,114
Denver Nuggets,103,Detroit Pistons,84
New York Knicks,113,Los Angeles Lakers,109
Brooklyn Nets,103,Washington Wizards,98
Philadelphia,118,Minnesota Timberwolves,112
Dallas Mavericks,95,San Antonio Spurs,89
Sacramento Kings,99,Phoenix Suns,92
Oklahoma City Thunder,100,Indiana Pacers,95
Los Angeles Clippers,106,Orlando Magic,95
Washington Wizards,93,Memphis Grizzlies,87
Boston Celtics,124,Denver Nuggets,118
Portland Trail Blazers,102,Miami Heat,95
Chicago Bulls,103,Utah Jazz,100
New Orleans Pelicans,115,Milwaukee Bucks,108
Toronto Raptors,115,Phoenix Suns,109
Houston Rockets,108,Charlotte Hornets,96
Detroit Pistons,105,Atlanta Hawks,91
New York Knicks,111,Brooklyn Nets,104
Cleveland Cavaliers,121,Los Angeles Lakers,112
Minnesota Timberwolves,119,Sacramento Kings,96
Golden State Warriors,112,Dallas Mavericks,97
Miami Heat,104,Charlotte Hornets,98
Detroit Pistons,104,Indiana Pacers,98
Portland Trail Blazers,95,Orlando Magic,88
Oklahoma City Thunder,119,Philadelphia,117
Washington Wizards,100,Los Angeles Clippers,91
Utah Jazz,107,Boston Celtics,95
Toronto Raptors,120,Brooklyn Nets,87
Memphis Grizzlies,96,Atlanta Hawks,94
Chicago Bulls,115,Milwaukee Bucks,109
Denver Nuggets,117,New Orleans Pelicans,111
Houston Rockets,124,San Antonio Spurs,109
Portland Trail Blazers,93,Charlotte Hornets,91
Cleveland Cavaliers,109,Utah Jazz,100
New York Knicks,111,Oklahoma City Thunder,96
Miami Heat,90,Los Angeles Clippers,85
Houston Rockets,115,Milwaukee Bucks,111
Phoenix Suns,108,Minnesota Timberwolves,106
San Antonio Spurs,98,Dallas Mavericks,96
Boston Celtics,102,Memphis Grizzlies,93
Toronto Raptors,108,Sacramento Kings,93
Detroit Pistons,114,Orlando Magic,110
Indiana Pacers,109,Brooklyn Nets,97
Cleveland Cavaliers,106,Washington Wizards,99
Charlotte Hornets,109,New York Knicks,91
Boston Celtics,112,Indiana Pacers,111
Atlanta Hawks,110,Miami Heat,104
Chicago Bulls,117,Philadelphia,115
Houston Rockets,120,Utah Jazz,99
Minnesota Timberwolves,108,Portland Trail Blazers,107
Oklahoma City Thunder,95,Denver Nuggets,94
Phoenix Suns,97,Dallas Mavericks,91
San Antonio Spurs,109,Los Angeles Clippers,91
Golden State Warriors,116,Los Angeles Lakers,114
Sacramento Kings,101,Philadelphia,95
Washington Wizards,116,New Orleans Pelicans,106
Milwaukee Bucks,119,Cleveland Cavaliers,116
Toronto Raptors,129,Charlotte Hornets,111
Indiana Pacers,105,Atlanta Hawks,95
Miami Heat,90,Boston Celtics,89
Sacramento Kings,104,Brooklyn Nets,99
Chicago Bulls,112,Orlando Magic,94
Los Angeles Lakers,122,Houston Rockets,116
Oklahoma City Thunder,107,Utah Jazz,79
Dallas Mavericks,110,Detroit Pistons,93
Minnesota Timberwolves,112,Denver Nuggets,104
San Antonio Spurs,93,Portland Trail Blazers,91
Golden State Warriors,97,Memphis Grizzlies,84
Los Angeles Clippers,108,Phoenix Suns,95
Cleveland Cavaliers,115,Chicago Bulls,112
Toronto Raptors,114,Philadelphia,109
New York Knicks,102,Boston Celtics,93
Phoenix Suns,97,Memphis Grizzlies,95
Utah Jazz,100,San Antonio Spurs,89
Detroit Pistons,104,New York Knicks,101
New Orleans Pelicans,111,Orlando Magic,97
Brooklyn Nets,119,Washington Wizards,84
Miami Heat,113,Dallas Mavericks,101
Los Angeles Clippers,128,Houston Rockets,118
Milwaukee Bucks,109,Charlotte Hornets,104
Oklahoma City Thunder,120,Atlanta Hawks,117
Denver Nuggets,102,Portland Trail Blazers,85
Golden State Warriors,113,Los Angeles Lakers,106
Toronto Raptors,102,Philadelphia,86
Charlotte Hornets,111,Milwaukee Bucks,106
Indiana Pacers,123,Brooklyn Nets,119
Washington Wizards,130,Orlando Magic,103
Atlanta Hawks,112,Dallas Mavericks,107
Boston Celtics,117,Chicago Bulls,92
New Orleans Pelicans,109,Miami Heat,94
Memphis Grizzlies,115,Los Angeles Clippers,112
Oklahoma City Thunder,103,Utah Jazz,89
Denver Nuggets,96,Golden State Warriors,81
Minnesota Timberwolves,115,Phoenix Suns,106
Portland Trail Blazers,95,Los Angeles Lakers,92
San Antonio Spurs,108,Sacramento Kings,99
Philadelphia,105,New York Knicks,98
Golden State Warriors,99,Cleveland Cavaliers,92
Washington Wizards,111,Boston Celtics,103
Oklahoma City Thunder,112,Houston Rockets,107
Minnesota Timberwolves,121,Los Angeles Lakers,104
Detroit Pistons,107,Indiana Pacers,83
Dallas Mavericks,98,Toronto Raptors,93
Miami Heat,107,Orlando Magic,89
Chicago Bulls,115,Milwaukee Bucks,106
San Antonio Spurs,109,Brooklyn Nets,97
Denver Nuggets,107,Utah Jazz,83
Phoenix Suns,99,Memphis Grizzlies,97
Los Angeles Clippers,122,Sacramento Kings,95
Boston Celtics,102,Charlotte Hornets,91
Dallas Mavericks,98,Indiana Pacers,94
Atlanta Hawks,113,Washington Wizards,99
Chicago Bulls,92,New York Knicks,87
Minnesota Timberwolves,128,Denver Nuggets,125
New Orleans Pelicans,128,Brooklyn Nets,113
Oklahoma City Thunder,124,Toronto Raptors,107
Sacramento Kings,109,Cleveland Cavaliers,95
Golden State Warriors,126,Utah Jazz,101
Memphis Grizzlies,109,Los Angeles Lakers,99
Orlando Magic,102,Detroit Pistons,89
Boston Celtics,99,Houston Rockets,98
Milwaukee Bucks,102,Minnesota Timberwolves,96
San Antonio Spurs,119,New York Knicks,107
Portland Trail Blazers,114,Philadelphia,110
Washington Wizards,121,Houston Rockets,103
Toronto Raptors,111,Atlanta Hawks,98
Brooklyn Nets,111,Miami Heat,87
Chicago Bulls,119,Indiana Pacers,107
Dallas Mavericks,128,New Orleans Pelicans,120
Milwaukee Bucks,97,Oklahoma City Thunder,95
Phoenix Suns,111,Sacramento Kings,101
Charlotte Hornets,111,Golden State Warriors,100
Los Angeles Clippers,121,Los Angeles Lakers,106
Detroit Pistons,93,San Antonio Spurs,79
Miami Heat,117,Orlando Magic,111
New York Knicks,105,New Orleans Pelicans,103
Atlanta Hawks,104,Portland Trail Blazers,89
Utah Jazz,104,Cleveland Cavaliers,101
Golden State Warriors,141,Memphis Grizzlies,128
Philadelphia,107,Denver Nuggets,102
Washington Wizards,114,Chicago Bulls,110
Minnesota Timberwolves,107,Indiana Pacers,90
Boston Celtics,108,Brooklyn Nets,105
Houston Rockets,148,Los Angeles Lakers,142
Dallas Mavericks,116,Oklahoma City Thunder,113
Los Angeles Clippers,106,Charlotte Hornets,98
Memphis Grizzlies,114,Sacramento Kings,96
Philadelphia,123,Phoenix Suns,110
Brooklyn Nets,98,Orlando Magic,95
Toronto Raptors,131,Milwaukee Bucks,127
Portland Trail Blazers,124,Chicago Bulls,120
Minnesota Timberwolves,114,Los Angeles Lakers,96
Cleveland Cavaliers,127,Portland Trail Blazers,110
San Antonio Spurs,100,New York Knicks,91
Phoenix Suns,104,Atlanta Hawks,103
Charlotte Hornets,131,Sacramento Kings,111
Los Angeles Clippers,113,Memphis Grizzlies,105
Houston Rockets,116,Orlando Magic,98
Philadelphia,112,San Antonio Spurs,106
Washington Wizards,121,New York Knicks,103
Brooklyn Nets,98,Minnesota Timberwolves,97
Miami Heat,111,Detroit Pistons,104
Boston Celtics,102,Cleveland Cavaliers,88
Toronto Raptors,124,Chicago Bulls,115
Milwaukee Bucks,122,Indiana Pacers,101
Golden State Warriors,125,Dallas Mavericks,122
Denver Nuggets,134,Phoenix Suns,111
New Orleans Pelicans,108,Utah Jazz,98
Oklahoma City Thunder,133,Los Angeles Lakers,96
Golden State Warriors,124,Houston Rockets,114
Oklahoma City Thunder,127,Los Angeles Clippers,117
Miami Heat,107,New York Knicks,103
Philadelphia,114,Detroit Pistons,78
Boston Celtics,91,Minnesota Timberwolves,84
Toronto Raptors,129,Milwaukee Bucks,110
Chicago Bulls,127,Dallas Mavericks,124
San Antonio Spurs,103,Phoenix Suns,89
Denver Nuggets,99,Utah Jazz,91
Washington Wizards,102,Memphis Grizzlies,100
Portland Trail Blazers,110,Atlanta Hawks,89
Charlotte Hornets,108,Los Angeles Lakers,94
Golden State Warriors,121,Los Angeles Clippers,105
Boston Celtics,87,Brooklyn Nets,85
Detroit Pistons,108,Houston Rockets,101
Indiana Pacers,125,Chicago Bulls,86
Cleveland Cavaliers,131,Orlando Magic,127
Milwaukee Bucks,110,Washington Wizards,103
Minnesota Timberwolves,116,New Orleans Pelicans,98
Sacramento Kings,106,Denver Nuggets,98
Miami Heat,103,Utah Jazz,102
New York Knicks,100,Dallas Mavericks,96
Phoenix Suns,114,Oklahoma City Thunder,100
Portland Trail Blazers,111,San Antonio Spurs,110
Los Angeles Lakers,132,Atlanta Hawks,113
Indiana Pacers,109,Milwaukee Bucks,96
Toronto Raptors,114,Brooklyn Nets,113
Houston Rockets,116,Chicago Bulls,107
Minnesota Timberwolves,127,Cleveland Cavaliers,99
New Orleans Pelicans,112,Detroit Pistons,109
San Antonio Spurs,107,Sacramento Kings,100
Golden State Warriors,124,Denver Nuggets,114
Los Angeles Clippers,108,Atlanta Hawks,107
Miami Heat,90,Toronto Raptors,89
Portland Trail Blazers,117,Oklahoma City Thunder,106
Dallas Mavericks,114,Orlando Magic,99
Los Angeles Lakers,99,Sacramento Kings,86
Dallas Mavericks,115,Charlotte Hornets,111
Miami Heat,114,Indiana Pacers,106
Utah Jazz,107,Washington Wizards,104
Detroit Pistons,114,Brooklyn Nets,80
Chicago Bulls,122,New York Knicks,119
Houston Rockets,121,Portland Trail Blazers,112
Memphis Grizzlies,105,New Orleans Pelicans,102
Milwaukee Bucks,110,Orlando Magic,103
Minnesota Timberwolves,104,Oklahoma City Thunder,88
Atlanta Hawks,110,Denver Nuggets,97
Los Angeles Clippers,125,Golden State Warriors,106
Boston Celtics,114,Philadelphia,103
Toronto Raptors,133,Cleveland Cavaliers,99
Los Angeles Clippers,121,Sacramento Kings,115
Los Angeles Lakers,93,San Antonio Spurs,81
Charlotte Hornets,99,Utah Jazz,88
Indiana Pacers,97,Cleveland Cavaliers,95
Washington Wizards,125,Orlando Magic,119
Brooklyn Nets,110,Atlanta Hawks,105
Golden State Warriors,108,Milwaukee Bucks,94
Minnesota Timberwolves,118,New York Knicks,108
New Orleans Pelicans,119,Portland Trail Blazers,113
Denver Nuggets,87,Memphis Grizzlies,78
Houston Rockets,112,Phoenix Suns,95
Los Angeles Lakers,107,Dallas Mavericks,101
Los Angeles Clippers,126,Sacramento Kings,105
Oklahoma City Thunder,101,Charlotte Hornets,91
Washington Wizards,119,Brooklyn Nets,113
Golden State Warriors,127,Toronto Raptors,125
Chicago Bulls,107,Detroit Pistons,105
San Antonio Spurs,112,Denver Nuggets,80
Miami Heat,97,Milwaukee Bucks,79
New Orleans Pelicans,123,New York Knicks,118
Indiana Pacers,120,Phoenix Suns,97
Minnesota Timberwolves,120,Portland Trail Blazers,103
Charlotte Hornets,118,Detroit Pistons,107
Philadelphia,117,Toronto Raptors,111
Milwaukee Bucks,104,Washington Wizards,95
Atlanta Hawks,102,San Antonio Spurs,99
New York Knicks,119,Brooklyn Nets,104
Oklahoma City Thunder,95,Sacramento Kings,88
Chicago Bulls,119,Miami Heat,111
Memphis Grizzlies,123,Los Angeles Lakers,114
Golden State Warriors,118,Cleveland Cavaliers,108
Indiana Pacers,109,Utah Jazz,94
Los Angeles Clippers,113,Houston Rockets,102
Orlando Magic,108,Minnesota Timberwolves,102
New Orleans Pelicans,116,Boston Celtics,113
Denver Nuggets,105,Dallas Mavericks,102
Portland Trail Blazers,118,Phoenix Suns,111
Charlotte Hornets,133,Washington Wizards,109
Atlanta Hawks,94,New Orleans Pelicans,93
San Antonio Spurs,100,Brooklyn Nets,95
Toronto Raptors,96,Detroit Pistons,91
Golden State Warriors,119,Chicago Bulls,112
Memphis Grizzlies,105,New York Knicks,99
Miami Heat,106,Milwaukee Bucks,101
Oklahoma City Thunder,114,Los Angeles Lakers,90
Utah Jazz,120,Sacramento Kings,105
Los Angeles Clippers,109,Denver Nuggets,104
Philadelphia,89,Boston Celtics,80
Cleveland Cavaliers,104,Orlando Magic,103
Houston Rockets,116,Minnesota Timberwolves,98
Portland Trail Blazers,100,Indiana Pacers,86
Toronto Raptors,86,San Antonio Spurs,83
Brooklyn Nets,101,Miami Heat,95
Washington Wizards,122,Detroit Pistons,112
Memphis Grizzlies,106,Sacramento Kings,88
Phoenix Suns,108,Denver Nuggets,100
New York Knicks,117,Utah Jazz,115
Los Angeles Lakers,99,Indiana Pacers,86
Oklahoma City Thunder,148,Cleveland Cavaliers,124
Chicago Bulls,113,Atlanta Hawks,97
Miami Heat,106,Charlotte Hornets,105
New Orleans Pelicans,111,Memphis Grizzlies,104
Philadelphia,116,Milwaukee Bucks,94
Houston Rockets,116,Golden State Warriors,108
Minnesota Timberwolves,115,Toronto Raptors,109
Utah Jazz,125,Los Angeles Clippers,113
Portland Trail Blazers,117,Dallas Mavericks,108
Orlando Magic,103,Boston Celtics,95
Los Angeles Lakers,127,New York Knicks,107
Brooklyn Nets,101,Detroit Pistons,100
Indiana Pacers,94,San Antonio Spurs,86
Charlotte Hornets,112,Sacramento Kings,107
Atlanta Hawks,104,Utah Jazz,90
Houston Rockets,99,Miami Heat,90
Memphis Grizzlies,105,Philadelphia,101
Milwaukee Bucks,109,Phoenix Suns,105
New Orleans Pelicans,132,Chicago Bulls,128
Dallas Mavericks,98,Washington Wizards,75
Denver Nuggets,104,Portland Trail Blazers,101
Minnesota Timberwolves,126,Los Angeles Clippers,118
Sacramento Kings,105,Orlando Magic,99
Oklahoma City Thunder,109,Brooklyn Nets,108
San Antonio Spurs,114,Cleveland Cavaliers,102
Golden State Warriors,123,New York Knicks,112
Los Angeles Lakers,108,Boston Celtics,107
New Orleans Pelicans,101,Charlotte Hornets,96
Utah Jazz,98,Detroit Pistons,95
Indiana Pacers,116,Phoenix Suns,101
Philadelphia,115,Chicago Bulls,101
Toronto Raptors,108,Atlanta Hawks,93
Houston Rockets,104,Dallas Mavericks,97
San Antonio Spurs,108,Memphis Grizzlies,85
Portland Trail Blazers,123,Minnesota Timberwolves,114
Boston Celtics,113,Los Angeles Clippers,102
Sacramento Kings,89,Miami Heat,88
Oklahoma City Thunder,121,Washington Wizards,112
Denver Nuggets,130,New York Knicks,118
Golden State Warriors,126,Minnesota Timberwolves,113
Charlotte Hornets,121,Atlanta Hawks,110
Cleveland Cavaliers,115,Indiana Pacers,108
Utah Jazz,97,Toronto Raptors,93
Los Angeles Lakers,108,Chicago Bulls,103
Los Angeles Clippers,109,Memphis Grizzlies,100
Milwaukee Bucks,116,Brooklyn Nets,91
New Orleans Pelicans,115,Houston Rockets,113
Portland Trail Blazers,107,Dallas Mavericks,93
Philadelphia,97,San Antonio Spurs,78
New York Knicks,107,Phoenix Suns,85
Oklahoma City Thunder,121,Detroit Pistons,108
Indiana Pacers,114,Orlando Magic,112
Washington Wizards,129,Atlanta Hawks,104
Miami Heat,95,Charlotte Hornets,91
Golden State Warriors,109,Boston Celtics,105
Minnesota Timberwolves,111,Brooklyn Nets,97
Denver Nuggets,91,Dallas Mavericks,89
Milwaukee Bucks,110,Chicago Bulls,96
Houston Rockets,113,Phoenix Suns,102
Los Angeles Clippers,112,New Orleans Pelicans,103
Cleveland Cavaliers,121,Detroit Pistons,104
Toronto Raptors,123,Los Angeles Lakers,111
Oklahoma City Thunder,122,Philadelphia,112
San Antonio Spurs,113,Sacramento Kings,98
Indiana Pacers,105,Charlotte Hornets,96
Atlanta Hawks,105,Minnesota Timberwolves,100
Memphis Grizzlies,120,Phoenix Suns,109
Milwaukee Bucks,107,Philadelphia,95
Miami Heat,95,Dallas Mavericks,88
Boston Celtics,111,Denver Nuggets,110
Washington Wizards,102,Oklahoma City Thunder,96
New York Knicks,111,Brooklyn Nets,95
Toronto Raptors,109,Minnesota Timberwolves,104
Detroit Pistons,125,Cleveland Cavaliers,114
Houston Rockets,114,Orlando Magic,107
Sacramento Kings,114,New Orleans Pelicans,103
San Antonio Spurs,106,Denver Nuggets,104
Utah Jazz,129,Golden State Warriors,99
Portland Trail Blazers,104,Los Angeles Clippers,96
Indiana Pacers,105,Memphis Grizzlies,101
Orlando Magic,127,Los Angeles Lakers,105
Charlotte Hornets,123,Atlanta Hawks,110
Brooklyn Nets,116,Philadelphia,108
Cleveland Cavaliers,91,Miami Heat,89
Boston Celtics,103,New York Knicks,73
Portland Trail Blazers,124,Chicago Bulls,108
Phoenix Suns,102,Dallas Mavericks,88
Detroit Pistons,104,Memphis Grizzlies,102
Washington Wizards,122,Toronto Raptors,119
Minnesota Timberwolves,108,Milwaukee Bucks,89
Houston Rockets,102,San Antonio Spurs,91
Denver Nuggets,127,Oklahoma City Thunder,124
Charlotte Hornets,133,Indiana Pacers,126
Boston Celtics,119,Atlanta Hawks,110
Los Angeles Lakers,102,Brooklyn Nets,99
Toronto Raptors,130,Portland Trail Blazers,105
Philadelphia,103,Miami Heat,97
Milwaukee Bucks,92,New York Knicks,90
New Orleans Pelicans,114,Oklahoma City Thunder,100
Utah Jazz,129,Phoenix Suns,97
Golden State Warriors,119,Sacramento Kings,104
Los Angeles Clippers,113,Chicago Bulls,103
Detroit Pistons,111,Miami Heat,107
Indiana Pacers,100,Philadelphia,92
Washington Wizards,115,Orlando Magic,98
Houston Rockets,120,Cleveland Cavaliers,88
Minnesota Timberwolves,118,New Orleans Pelicans,107
Utah Jazz,120,San Antonio Spurs,111
Denver Nuggets,115,Golden State Warriors,108
Dallas Mavericks,106,Sacramento Kings,99
Boston Celtics,97,Portland Trail Blazers,96
Milwaukee Bucks,109,Brooklyn Nets,94
Atlanta Hawks,99,New York Knicks,96
Toronto Raptors,101,Memphis Grizzlies,86
Los Angeles Lakers,108,Oklahoma City Thunder,104
Charlotte Hornets,115,Phoenix Suns,110
Detroit Pistons,111,Portland Trail Blazers,91
Washington Wizards,111,Indiana Pacers,102
Orlando Magic,111,Miami Heat,109
Utah Jazz,133,New Orleans Pelicans,109
Denver Nuggets,121,Charlotte Hornets,104
Sacramento Kings,104,Chicago Bulls,98
Los Angeles Clippers,104,Dallas Mavericks,101
Orlando Magic,116,Cleveland Cavaliers,98
Toronto Raptors,111,Boston Celtics,91
Atlanta Hawks,108,Memphis Grizzlies,82
Houston Rockets,123,Brooklyn Nets,113
Milwaukee Bucks,103,New York Knicks,89
Philadelphia,115,Washington Wizards,102
Oklahoma City Thunder,125,Golden State Warriors,105
Los Angeles Lakers,112,Phoenix Suns,93
Detroit Pistons,115,Brooklyn Nets,106
Houston Rockets,109,Miami Heat,101
Cleveland Cavaliers,140,Minnesota Timberwolves,138
Utah Jazz,92,Memphis Grizzlies,88
San Antonio Spurs,129,Phoenix Suns,81
Orlando Magic,100,Atlanta Hawks,98
Toronto Raptors,113,New York Knicks,88
Boston Celtics,110,Washington Wizards,104
Portland Trail Blazers,109,Charlotte Hornets,103
Golden State Warriors,121,Dallas Mavericks,103
Los Angeles Lakers,106,Oklahoma City Thunder,81
Los Angeles Clippers,108,Detroit Pistons,95
Philadelphia,100,New Orleans Pelicans,82
Cleveland Cavaliers,123,Atlanta Hawks,107
Indiana Pacers,97,Boston Celtics,91
Miami Heat,91,Milwaukee Bucks,85
Chicago Bulls,114,Minnesota Timberwolves,113
Houston Rockets,130,Denver Nuggets,104
Utah Jazz,106,Charlotte Hornets,94
Portland Trail Blazers,118,Sacramento Kings,100
New Orleans Pelicans,138,Brooklyn Nets,128
Milwaukee Bucks,111,Orlando Magic,104
Philadelphia,112,Los Angeles Clippers,98
Washington Wizards,101,Chicago Bulls,90
Dallas Mavericks,130,Los Angeles Lakers,123
Golden State Warriors,122,San Antonio Spurs,105
Denver Nuggets,123,Phoenix Suns,113
Toronto Raptors,123,Charlotte Hornets,103
Atlanta Hawks,118,Detroit Pistons,115
Cleveland Cavaliers,121,Boston Celtics,99
Indiana Pacers,121,New York Knicks,113
Houston Rockets,104,Dallas Mavericks,97
Minnesota Timberwolves,111,Sacramento Kings,106
Oklahoma City Thunder,110,Memphis Grizzlies,92
Utah Jazz,115,Portland Trail Blazers,96
New Orleans Pelicans,118,Detroit Pistons,103
Philadelphia,108,New York Knicks,92
Los Angeles Clippers,114,Brooklyn Nets,101
Chicago Bulls,105,Orlando Magic,101
Utah Jazz,101,San Antonio Spurs,99
Golden State Warriors,129,Phoenix Suns,83
Toronto Raptors,115,Miami Heat,112
Milwaukee Bucks,97,Atlanta Hawks,92
Houston Rockets,126,Minnesota Timberwolves,108
Cleveland Cavaliers,120,Oklahoma City Thunder,112
Sacramento Kings,114,Dallas Mavericks,109
Denver Nuggets,117,San Antonio Spurs,109
Detroit Pistons,104,Atlanta Hawks,98
Charlotte Hornets,104,Orlando Magic,102
Philadelphia,104,Miami Heat,102
Indiana Pacers,108,Brooklyn Nets,103
Washington Wizards,118,New York Knicks,113
Los Angeles Clippers,129,Boston Celtics,119
Toronto Raptors,122,Chicago Bulls,98
Houston Rockets,100,Sacramento Kings,91
Oklahoma City Thunder,121,Memphis Grizzlies,114
New Orleans Pelicans,139,Los Angeles Lakers,117
Utah Jazz,107,Phoenix Suns,97
Portland Trail Blazers,123,Golden State Warriors,117
Denver Nuggets,134,Milwaukee Bucks,123
Minnesota Timberwolves,119,Los Angeles Lakers,111
Charlotte Hornets,111,Brooklyn Nets,96
New York Knicks,120,Orlando Magic,113
Washington Wizards,110,Cleveland Cavaliers,103
Philadelphia,116,Chicago Bulls,115
Oklahoma City Thunder,110,Sacramento Kings,107
Golden State Warriors,134,Los Angeles Clippers,127
Boston Celtics,110,Detroit Pistons,98
Indiana Pacers,116,Atlanta Hawks,93
Charlotte Hornets,122,Washington Wizards,105
Milwaukee Bucks,122,Toronto Raptors,119
Houston Rockets,120,Minnesota Timberwolves,102
Cleveland Cavaliers,112,Memphis Grizzlies,89
New Orleans Pelicans,124,Miami Heat,123
Denver Nuggets,122,San Antonio Spurs,119
Los Angeles Clippers,128,Phoenix Suns,117
Portland Trail Blazers,100,Utah Jazz,81
Los Angeles Lakers,124,Dallas Mavericks,102
Philadelphia,116,Orlando Magic,105
Miami Heat,115,Memphis Grizzlies,89
Boston Celtics,121,New York Knicks,112
Golden State Warriors,112,Oklahoma City Thunder,80
Minnesota Timberwolves,122,Chicago Bulls,104
Portland Trail Blazers,106,Phoenix Suns,104
Utah Jazz,97,Dallas Mavericks,90
Los Angeles Lakers,113,Sacramento Kings,108
Charlotte Hornets,114,Detroit Pistons,98
New Orleans Pelicans,123,Milwaukee Bucks,121
San Antonio Spurs,110,Cleveland Cavaliers,94
Washington Wizards,109,Philadelphia,94
Houston Rockets,119,Denver Nuggets,114
Los Angeles Lakers,123,Atlanta Hawks,104
Boston Celtics,109,Memphis Grizzlies,98
Brooklyn Nets,104,Chicago Bulls,87
Golden State Warriors,125,New York Knicks,111
Toronto Raptors,123,Detroit Pistons,94
New Orleans Pelicans,125,Phoenix Suns,116
Oklahoma City Thunder,112,Orlando Magic,105
Dallas Mavericks,109,Indiana Pacers,103
Houston Rockets,96,Utah Jazz,85
Minnesota Timberwolves,118,Sacramento Kings,100
Charlotte Hornets,118,Chicago Bulls,103
Cleveland Cavaliers,129,Brooklyn Nets,123
Miami Heat,102,Philadelphia,101
Washington Wizards,107,Milwaukee Bucks,104
Portland Trail Blazers,116,Sacramento Kings,99
Los Angeles Clippers,122,Denver Nuggets,120
Detroit Pistons,110,Milwaukee Bucks,87
Toronto Raptors,117,Orlando Magic,104
Atlanta Hawks,107,Indiana Pacers,102
Boston Celtics,134,Charlotte Hornets,106
Golden State Warriors,109,Washington Wizards,101
Phoenix Suns,110,Memphis Grizzlies,102
Oklahoma City Thunder,111,Dallas Mavericks,110
New Orleans Pelicans,121,San Antonio Spurs,116
Houston Rockets,105,Los Angeles Clippers,92
Los Angeles Lakers,131,Miami Heat,113
Philadelphia,108,Cleveland Cavaliers,97
Sacramento Kings,116,Brooklyn Nets,111
Portland Trail Blazers,108,Minnesota Timberwolves,99
Orlando Magic,115,Detroit Pistons,106
Philadelphia,110,Charlotte Hornets,99
Golden State Warriors,114,Atlanta Hawks,109
Toronto Raptors,102,Washington Wizards,95
Chicago Bulls,108,Dallas Mavericks,100
Denver Nuggets,108,Memphis Grizzlies,102
Indiana Pacers,103,Milwaukee Bucks,96
Oklahoma City Thunder,124,Phoenix Suns,116
Utah Jazz,116,Minnesota Timberwolves,108
Los Angeles Clippers,128,New York Knicks,105
Orlando Magic,107,Memphis Grizzlies,100
Denver Nuggets,126,Cleveland Cavaliers,117
Miami Heat,105,Detroit Pistons,96
Houston Rockets,123,Boston Celtics,120
Los Angeles Lakers,116,San Antonio Spurs,112
Portland Trail Blazers,108,Oklahoma City Thunder,100
Utah Jazz,98,Sacramento Kings,91
Atlanta Hawks,113,Phoenix Suns,112
Toronto Raptors,103,Charlotte Hornets,98
Indiana Pacers,98,Washington Wizards,95
New Orleans Pelicans,126,Dallas Mavericks,109
Milwaukee Bucks,118,Philadelphia,110
Los Angeles Clippers,123,Brooklyn Nets,120
Sacramento Kings,102,New York Knicks,99
Cleveland Cavaliers,112,Detroit Pistons,90
Indiana Pacers,92,Milwaukee Bucks,89
Miami Heat,125,Phoenix Suns,103
Boston Celtics,105,Chicago Bulls,89
San Antonio Spurs,100,Memphis Grizzlies,98
Utah Jazz,94,Orlando Magic,80
Portland Trail Blazers,108,Los Angeles Lakers,103
Philadelphia,128,Charlotte Hornets,114
Toronto Raptors,106,Atlanta Hawks,90
Washington Wizards,117,Miami Heat,113
Houston Rockets,122,Oklahoma City Thunder,112
Dallas Mavericks,118,Denver Nuggets,107
Portland Trail Blazers,111,New York Knicks,87
Golden State Warriors,114,Brooklyn Nets,101
New Orleans Pelicans,121,Los Angeles Clippers,116
Utah Jazz,104,Indiana Pacers,84
Toronto Raptors,121,Detroit Pistons,119
Chicago Bulls,119,Memphis Grizzlies,110
Houston Rockets,110,Milwaukee Bucks,99
New Orleans Pelicans,114,Sacramento Kings,101
Cleveland Cavaliers,113,Denver Nuggets,108
Los Angeles Lakers,108,Orlando Magic,107
Brooklyn Nets,125,Charlotte Hornets,111
Miami Heat,108,Philadelphia,99
Boston Celtics,117,Minnesota Timberwolves,109
Oklahoma City Thunder,115,Phoenix Suns,87
Golden State Warriors,110,San Antonio Spurs,107
Detroit Pistons,99,Chicago Bulls,83
Indiana Pacers,112,Atlanta Hawks,87
Toronto Raptors,108,Houston Rockets,105
Utah Jazz,95,Memphis Grizzlies,78
Milwaukee Bucks,120,New York Knicks,112
Washington Wizards,116,New Orleans Pelicans,97
Denver Nuggets,125,Los Angeles Lakers,116
Portland Trail Blazers,125,Golden State Warriors,108
Sacramento Kings,94,Orlando Magic,88
Los Angeles Clippers,116,Cleveland Cavaliers,102
Charlotte Hornets,122,Phoenix Suns,115
Miami Heat,129,Washington Wizards,102
Dallas Mavericks,114,Memphis Grizzlies,80
Oklahoma City Thunder,104,San Antonio Spurs,94
Los Angeles Clippers,113,Orlando Magic,105
Toronto Raptors,132,New York Knicks,106
Chicago Bulls,129,Atlanta Hawks,122
Minnesota Timberwolves,109,Golden State Warriors,103
Utah Jazz,116,New Orleans Pelicans,99
Denver Nuggets,130,Sacramento Kings,104
Houston Rockets,105,Dallas Mavericks,82
Indiana Pacers,99,Boston Celtics,97
Philadelphia,120,Brooklyn Nets,97
Los Angeles Lakers,127,Cleveland Cavaliers,113
Houston Rockets,109,San Antonio Spurs,93
Milwaukee Bucks,121,Memphis Grizzlies,103
Oklahoma City Thunder,106,Sacramento Kings,101
Portland Trail Blazers,115,Miami Heat,99
Indiana Pacers,101,Philadelphia,98
Minnesota Timberwolves,116,Washington Wizards,111
Oklahoma City Thunder,119,Atlanta Hawks,107
Toronto Raptors,116,Brooklyn Nets,102
Dallas Mavericks,110,New York Knicks,97
Los Angeles Clippers,112,Chicago Bulls,106
New Orleans Pelicans,119,Charlotte Hornets,115
San Antonio Spurs,108,Orlando Magic,72
Utah Jazz,110,Detroit Pistons,79
Cleveland Cavaliers,129,Phoenix Suns,107
Los Angeles Lakers,112,Denver Nuggets,103
Orlando Magic,126,Milwaukee Bucks,117
Washington Wizards,125,Boston Celtics,124
Sacramento Kings,123,Miami Heat,119
Golden State Warriors,117,Los Angeles Lakers,106
Toronto Raptors,106,Indiana Pacers,99
Charlotte Hornets,129,Atlanta Hawks,117
Philadelphia,118,New York Knicks,110
Houston Rockets,101,Los Angeles Clippers,96
Chicago Bulls,111,Memphis Grizzlies,110
San Antonio Spurs,98,New Orleans Pelicans,93
Denver Nuggets,120,Detroit Pistons,113
Utah Jazz,116,Phoenix Suns,88
Portland Trail Blazers,113,Cleveland Cavaliers,105
Boston Celtics,92,Orlando Magic,83
Philadelphia,120,Brooklyn Nets,116
Toronto Raptors,122,Dallas Mavericks,115
Oklahoma City Thunder,121,Los Angeles Clippers,113
Sacramento Kings,98,Golden State Warriors,93
Miami Heat,92,Los Angeles Lakers,91
Washington Wizards,109,Indiana Pacers,102
Houston Rockets,107,New Orleans Pelicans,101
Brooklyn Nets,114,Dallas Mavericks,106
New York Knicks,124,Charlotte Hornets,101
Cleveland Cavaliers,114,Chicago Bulls,109
Memphis Grizzlies,101,Denver Nuggets,94
Milwaukee Bucks,122,Atlanta Hawks,117
San Antonio Spurs,117,Minnesota Timberwolves,101
Utah Jazz,103,Sacramento Kings,97
Golden State Warriors,124,Phoenix Suns,109
Portland Trail Blazers,100,Detroit Pistons,87
Oklahoma City Thunder,132,Toronto Raptors,125
New Orleans Pelicans,108,Boston Celtics,89
Houston Rockets,129,Minnesota Timberwolves,120
Portland Trail Blazers,122,Los Angeles Clippers,109
Cleveland Cavaliers,124,Milwaukee Bucks,117
Indiana Pacers,110,Los Angeles Lakers,100
Philadelphia,108,Charlotte Hornets,94
Brooklyn Nets,118,Memphis Grizzlies,115
Miami Heat,149,Denver Nuggets,141
New York Knicks,110,Chicago Bulls,92
San Antonio Spurs,89,Golden State Warriors,75
Detroit Pistons,106,Sacramento Kings,90
Toronto Raptors,93,Orlando Magic,86
Boston Celtics,100,Oklahoma City Thunder,99
Minnesota Timberwolves,123,Los Angeles Clippers,109
New Orleans Pelicans,115,Dallas Mavericks,105
Atlanta Hawks,99,Utah Jazz,94
Detroit Pistons,115,Phoenix Suns,88
Houston Rockets,115,Portland Trail Blazers,111
New Orleans Pelicans,96,Indiana Pacers,92
Cleveland Cavaliers,132,Toronto Raptors,129
Philadelphia,119,Memphis Grizzlies,105
Charlotte Hornets,111,Brooklyn Nets,105
Miami Heat,119,New York Knicks,98
Denver Nuggets,135,Chicago Bulls,102
Los Angeles Clippers,127,Milwaukee Bucks,120
San Antonio Spurs,98,Washington Wizards,90
Charlotte Hornets,140,Memphis Grizzlies,79
Philadelphia,118,Orlando Magic,98
Houston Rockets,100,Detroit Pistons,96
New Orleans Pelicans,128,Los Angeles Lakers,125
Utah Jazz,119,Dallas Mavericks,112
Sacramento Kings,105,Atlanta Hawks,90
Indiana Pacers,109,Los Angeles Clippers,104
Denver Nuggets,108,Washington Wizards,100
Cleveland Cavaliers,120,Phoenix Suns,95
Minnesota Timberwolves,108,New York Knicks,104
Toronto Raptors,116,Brooklyn Nets,112
Milwaukee Bucks,118,Chicago Bulls,105
Oklahoma City Thunder,105,Miami Heat,99
San Antonio Spurs,124,Utah Jazz,120
Boston Celtics,105,Portland Trail Blazers,100
Golden State Warriors,106,Atlanta Hawks,94
Philadelphia,120,Minnesota Timberwolves,108
Detroit Pistons,117,Chicago Bulls,95
Orlando Magic,105,Phoenix Suns,99
Houston Rockets,114,New Orleans Pelicans,91
Los Angeles Lakers,100,Memphis Grizzlies,93
Charlotte Hornets,102,Dallas Mavericks,98
Cleveland Cavaliers,121,Brooklyn Nets,114
Milwaukee Bucks,106,San Antonio Spurs,103
Indiana Pacers,113,Miami Heat,107
Los Angeles Clippers,117,Toronto Raptors,106
New York Knicks,101,Washington Wizards,97
Boston Celtics,104,Sacramento Kings,93
Portland Trail Blazers,108,Oklahoma City Thunder,105
Houston Rockets,118,Atlanta Hawks,99
Utah Jazz,110,Golden State Warriors,91
Charlotte Hornets,137,New York Knicks,128
Detroit Pistons,112,Los Angeles Lakers,106
Philadelphia,123,Denver Nuggets,104
Memphis Grizzlies,101,Minnesota Timberwolves,93
Boston Celtics,102,Phoenix Suns,94
Washington Wizards,116,San Antonio Spurs,106
Toronto Raptors,114,Denver Nuggets,110
Miami Heat,98,Cleveland Cavaliers,79
Houston Rockets,118,Chicago Bulls,86
Portland Trail Blazers,107,New Orleans Pelicans,103
Dallas Mavericks,103,Sacramento Kings,97
Indiana Pacers,92,Golden State Warriors,81
Los Angeles Clippers,105,Milwaukee Bucks,98
Cleveland Cavaliers,118,Charlotte Hornets,105
Brooklyn Nets,111,Orlando Magic,104
Philadelphia,118,New York Knicks,101
Memphis Grizzlies,108,Portland Trail Blazers,103
Minnesota Timberwolves,126,Atlanta Hawks,114
Boston Celtics,97,Utah Jazz,94
Los Angeles Clippers,111,Phoenix Suns,99
Los Angeles Lakers,103,Dallas Mavericks,93
Detroit Pistons,103,Washington Wizards,92
Miami Heat,103,Chicago Bulls,92
San Antonio Spurs,103,Oklahoma City Thunder,99
Indiana Pacers,106,Sacramento Kings,103
Milwaukee Bucks,116,Golden State Warriors,107
Chicago Bulls,90,Orlando Magic,82
Philadelphia,101,Atlanta Hawks,91
Cleveland Cavaliers,107,New Orleans Pelicans,102
Houston Rockets,104,Phoenix Suns,103
Denver Nuggets,126,Oklahoma City Thunder,125
Minnesota Timberwolves,93,Dallas Mavericks,92
Utah Jazz,107,Memphis Grizzlies,97
Milwaukee Bucks,124,Los Angeles Lakers,122
Portland Trail Blazers,105,Los Angeles Clippers,96
Washington Wizards,107,Charlotte Hornets,93
Detroit Pistons,115,New York Knicks,109
Boston Celtics,110,Toronto Raptors,99
Brooklyn Nets,110,Miami Heat,109
Golden State Warriors,112,Sacramento Kings,96
Philadelphia,119,Charlotte Hornets,102
Chicago Bulls,113,Washington Wizards,94
San Antonio Spurs,100,Houston Rockets,83
Indiana Pacers,111,Los Angeles Clippers,104
Atlanta Hawks,94,Orlando Magic,88
Detroit Pistons,108,Brooklyn Nets,96
Cleveland Cavaliers,98,Dallas Mavericks,87
Oklahoma City Thunder,109,New Orleans Pelicans,104
Utah Jazz,121,Minnesota Timberwolves,97
Denver Nuggets,128,Milwaukee Bucks,125
Golden State Warriors,117,Phoenix Suns,107
Portland Trail Blazers,113,Memphis Grizzlies,98
Sacramento Kings,84,Los Angeles Lakers,83
Cleveland Cavaliers,112,Toronto Raptors,106
Philadelphia,121,Brooklyn Nets,95
Miami Heat,101,Atlanta Hawks,98
Orlando Magic,97,New York Knicks,73
Chicago Bulls,120,Charlotte Hornets,114
Houston Rockets,120,Washington Wizards,104
Milwaukee Bucks,106,Boston Celtics,102
Golden State Warriors,111,Oklahoma City Thunder,107
Dallas Mavericks,115,Portland Trail Blazers,109
Denver Nuggets,107,Indiana Pacers,104
Utah Jazz,117,Los Angeles Lakers,110
Phoenix Suns,97,Sacramento Kings,94
Los Angeles Clippers,113,San Antonio Spurs,110
Philadelphia,115,Detroit Pistons,108
Orlando Magic,105,Dallas Mavericks,100
Toronto Raptors,96,Boston Celtics,78
Miami Heat,115,Atlanta Hawks,86
New Orleans Pelicans,123,Memphis Grizzlies,95
Los Angeles Lakers,122,San Antonio Spurs,112
Indiana Pacers,126,Golden State Warriors,106
Cleveland Cavaliers,119,Washington Wizards,115
Houston Rockets,96,Portland Trail Blazers,94
Brooklyn Nets,119,Milwaukee Bucks,111
Utah Jazz,117,Los Angeles Clippers,95
Denver Nuggets,100,Minnesota Timberwolves,96
Detroit Pistons,113,Dallas Mavericks,106
Charlotte Hornets,137,Orlando Magic,100
Philadelphia,132,Cleveland Cavaliers,130
Atlanta Hawks,103,Washington Wizards,97
Boston Celtics,111,Chicago Bulls,104
New York Knicks,122,Miami Heat,98
Toronto Raptors,92,Indiana Pacers,73
Sacramento Kings,94,Memphis Grizzlies,93
New Orleans Pelicans,122,Phoenix Suns,103
Minnesota Timberwolves,113,Los Angeles Lakers,96
Denver Nuggets,134,Los Angeles Clippers,115
Milwaukee Bucks,115,New York Knicks,102
Brooklyn Nets,124,Chicago Bulls,96
Oklahoma City Thunder,108,Houston Rockets,102
New Orleans Pelicans,126,Golden State Warriors,120
San Antonio Spurs,116,Portland Trail Blazers,105
Indiana Pacers,123,Charlotte Hornets,117
Philadelphia,109,Dallas Mavericks,97
Memphis Grizzlies,130,Detroit Pistons,117
Toronto Raptors,112,Orlando Magic,101
Utah Jazz,112,Los Angeles Lakers,97
Atlanta Hawks,112,Boston Celtics,106
Golden State Warriors,117,Phoenix Suns,100
Toronto Raptors,108,Detroit Pistons,98
Brooklyn Nets,114,Chicago Bulls,105
Oklahoma City Thunder,115,Miami Heat,93
Cleveland Cavaliers,123,New York Knicks,109
Milwaukee Bucks,102,Orlando Magic,86
Minnesota Timberwolves,113,Memphis Grizzlies,94
San Antonio Spurs,98,Sacramento Kings,85
Denver Nuggets,88,Portland Trail Blazers,82
New Orleans Pelicans,113,Los Angeles Clippers,100
Charlotte Hornets,119,Indiana Pacers,93
Philadelphia,121,Atlanta Hawks,113
Washington Wizards,113,Boston Celtics,101
Phoenix Suns,124,Dallas Mavericks,97
Utah Jazz,119,Golden State Warriors,79
Houston Rockets,105,Los Angeles Lakers,99
Boston Celtics,110,Brooklyn Nets,97
New York Knicks,110,Cleveland Cavaliers,98
Miami Heat,116,Toronto Raptors,109
Orlando Magic,101,Washington Wizards,92
Philadelphia,130,Milwaukee Bucks,95
Detroit Pistons,119,Chicago Bulls,87
Minnesota Timberwolves,112,Denver Nuggets,106
New Orleans Pelicans,122,San Antonio Spurs,98
Oklahoma City Thunder,137,Memphis Grizzlies,123
Los Angeles Lakers,115,Los Angeles Clippers,100
Portland Trail Blazers,102,Utah Jazz,93
Sacramento Kings,96,Houston Rockets,83
Toronto Raptors,114,Washington Wizards,106
Golden State Warriors,113,San Antonio Spurs,92
New Orleans Pelicans,97,Portland Trail Blazers,95
Philadelphia,130,Miami Heat,103
Boston Celtics,113,Milwaukee Bucks,107
Houston Rockets,104,Minnesota Timberwolves,101
Oklahoma City Thunder,116,Utah Jazz,108
Indiana Pacers,98,Cleveland Cavaliers,80
Golden State Warriors,116,San Antonio Spurs,101
Miami Heat,113,Philadelphia,103
Boston Celtics,120,Milwaukee Bucks,106
Toronto Raptors,130,Washington Wizards,119
New Orleans Pelicans,111,Portland Trail Blazers,102
Houston Rockets,102,Minnesota Timberwolves,82
Utah Jazz,102,Oklahoma City Thunder,95
Cleveland Cavaliers,100,Indiana Pacers,97
Golden State Warriors,110,San Antonio Spurs,97
New Orleans Pelicans,119,Portland Trail Blazers,102
Philadelphia,128,Miami Heat,108
Milwaukee Bucks,116,Boston Celtics,92
Washington Wizards,122,Toronto Raptors,103
Indiana Pacers,92,Cleveland Cavaliers,90
Minnesota Timberwolves,121,Houston Rockets,105
New Orleans Pelicans,131,Portland Trail Blazers,123
Philadelphia,106,Miami Heat,102
Utah Jazz,115,Oklahoma City Thunder,102
Milwaukee Bucks,104,Boston Celtics,102
Washington Wizards,106,Toronto Raptors,98
San Antonio Spurs,103,Golden State Warriors,90
Cleveland Cavaliers,104,Indiana Pacers,100
Houston Rockets,119,Minnesota Timberwolves,100
Utah Jazz,113,Oklahoma City Thunder,96
Boston Celtics,92,Milwaukee Bucks,87
Golden State Warriors,99,San Antonio Spurs,91
Philadelphia,104,Miami Heat,91
Houston Rockets,122,Minnesota Timberwolves,104
Toronto Raptors,108,Washington Wizards,98
Oklahoma City Thunder,107,Utah Jazz,99
Cleveland Cavaliers,98,Indiana Pacers,95
Milwaukee Bucks,97,Boston Celtics,86
Toronto Raptors,102,Washington Wizards,92
Utah Jazz,96,Oklahoma City Thunder,91
Indiana Pacers,121,Cleveland Cavaliers,87
Boston Celtics,112,Milwaukee Bucks,96
Golden State Warriors,123,New Orleans Pelicans,101
Cleveland Cavaliers,105,Indiana Pacers,101
Houston Rockets,110,Utah Jazz,96
Boston Celtics,117,Philadelphia,101
Golden State Warriors,121,New Orleans Pelicans,116
Cleveland Cavaliers,113,Toronto Raptors,112
Utah Jazz,116,Houston Rockets,108
Boston Celtics,108,Philadelphia,103
Cleveland Cavaliers,128,Toronto Raptors,110
Houston Rockets,113,Utah Jazz,92
New Orleans Pelicans,119,Golden State Warriors,100
Boston Celtics,101,Philadelphia,98
Cleveland Cavaliers,105,Toronto Raptors,103
Houston Rockets,100,Utah Jazz,87
Golden State Warriors,118,New Orleans Pelicans,92
Philadelphia,103,Boston Celtics,92
Cleveland Cavaliers,128,Toronto Raptors,93
Houston Rockets,112,Utah Jazz,102
Golden State Warriors,113,New Orleans Pelicans,104
Boston Celtics,114,Philadelphia,112
Boston Celtics,108,Cleveland Cavaliers,83
Golden State Warriors,119,Houston Rockets,106
Boston Celtics,107,Cleveland Cavaliers,94
Houston Rockets,127,Golden State Warriors,105
Cleveland Cavaliers,116,Boston Celtics,86
Golden State Warriors,126,Houston Rockets,85
Cleveland Cavaliers,111,Boston Celtics,102
Houston Rockets,95,Golden State Warriors,92
Boston Celtics,96,Cleveland Cavaliers,83
Houston Rockets,98,Golden State Warriors,94
Cleveland Cavaliers,109,Boston Celtics,99
Golden State Warriors,115,Houston Rockets,86
Cleveland Cavaliers,87,Boston Celtics,79
Golden State Warriors,101,Houston Rockets,92
Golden State Warriors,124,Cleveland Cavaliers,114
Golden State Warriors,122,Cleveland Cavaliers,103
Golden State Warriors,110,Cleveland Cavaliers,102
Golden State Warriors,108,Cleveland Cavaliers,85
